Floor #,Room #,Adjacent Rooms
4,413,415
4,415,"413, 417"
4,417,"415, 419"
4,419,"417, 421"
4,421,"419, 423"
4,423,"421, 425"
4,425,423
4,418,"422, 419 (across)"
4,422,"418, 424, 421 (across)"
4,424,"422, 426, 423 (across)"
4,426,"424, 425 (across)"
4,429
4,430,432
4,432,"440, 434, 430"
4,434,442
4,440,"432, 450"
4,442,"434, 444"
4,444,"442, 446"
4,446,"444, 448"
4,448,"446, 452"
4,450,"440, 460"
4,452,"448, 454"
4,454,"452, 456"
4,456,"454, 458"
4,458,"456, 462"
4,460,"450, 468"
4,462,"458, 464"
4,464,462
4,468,"460, 466"
4,471,473
4,473,"471, 475"
4,475,"473, 477"
4,477,"475, 479"
4,479,477

5,511,"510, 513"
5,513,"511, 515"
5,515,513
5,510,"511, 530"
5,530,510
5,520,"520A, 520B, 520C, 520D, 532"
5,520A,"520, 520B"
5,520B,"520, 520A"
5,520C,520
5,520D,520
5,532,"520, 538"
5,538,532
5,548,520C (across)
5,550
5,552,"548, 554"
5,554,"552, 556"
5,556,"554, 558"
5,558,"556, 562"
5,562,"558, 564"
5,564,"562, 566"
5,566,564
5,568
5,571,573
5,573,"571, 575"
5,575,"573, 577"
5,577,"575, 579"
5,579,577
5,580,"581, 582A"
5,581,"580, 582A, 582"
5,582,"581, 583, 582A"
5,582A,"582, 581, 580, 591"
5,583,"582, 582A, 584, 593"
5,584,"583, 585"
5,585,"584, 586, 595"
5,586,"585, 599, 597"
5,599,"597, 586"
5,597,"599, 586"
5,595,"585, 586, 584"
5,593,583
5,591,"582A, 580"

6,630A,"630B, 621E, 630"
6,630,630A
6,621E,"630B, 630A, 621D"
6,630B,"621E, 630A"
6,621D,"621E, 621C, 621"
6,621C,"621D, 621B, 621"
6,621B,"621C, 621A, 621"
6,621A,"621B, 621"
6,621,"621A, 621B, 621C, 621D, 621E "
6,629
6,671,673
6,673,"671, 675"
6,675,"673, 677"
6,677,"675, 679"
6,679,677
6,640,642
6,642,"640, 644"
6,644,"642, 646"
6,646,"644, 648"
6,648,"646, 652A"
6,652A,"652, 652B"
6,652,"652A, 652B"
6,652B,"652A, 652, 656A"
6,656A,"652B, 656, 656B"
6,656,"652, 656A, 656B, 664"
6,656B,"656A, 656, 666"
6,664,"656, 666"
6,666,"656B, 664"
6,668
6,6M80
6,6M81


7,730,"732, 717"
7,732,"730, 736"
7,717,"730, 719"
7,719,"717, 721, 718 (across)"
7,721,"719, 723, 722 (across)"
7,723,"721, 725, 724 (across)"
7,725,"723, 726 (across)"
7,718,"722, 719 (across)"
7,722,"718, 724, 721 (across)"
7,724,"722, 726, 723 (across)"
7,726,"724, 725 (across)"
7,736,"732, 738"
7,738,"736, 748, 746"
7,746,"738, 748, 754"
7,748,"752, 746, 738"
7,752,"748, 754, 750"
7,754,"752, 746, 750"
7,750,"752, 754, 771, 773, 775 768"
7,771,"773, 750"
7,773,"771, 775, 750"
7,775,"773, 750, 777"
7,777,"775, 779, 768"
7,779,"777, 768"
7,768,"750, 777, 779"
7,780
